sno,ip,port,code,country,type,unknown,https,create_date,current
2,93.117.226.42,8080,NL,Netherlands,elite proxy,no,no,5 seconds ago,no
3,93.91.112.247,41258,RU,Russian Federation,elite proxy,no,no,5 seconds ago,no
4,118.172.51.84,49799,TH,Thailand,elite proxy,no,no,5 seconds ago,no
6,1.20.99.178,34781,TH,Thailand,elite proxy,no,no,5 seconds ago,yes
8,117.103.5.186,44825,ID,Indonesia,elite proxy,no,no,5 seconds ago,no
9,213.230.91.160,3128,UZ,Uzbekistan,elite proxy,no,yes,5 seconds ago,no
10,24.172.34.114,49116,US,United States,elite proxy,no,no,5 seconds ago,no
13,202.138.236.35,53298,ID,Indonesia,elite proxy,no,no,5 seconds ago,no
15,103.126.218.68,8080,BD,Bangladesh,elite proxy,no,no,5 seconds ago,no
16,41.180.65.27,53116,ZA,South Africa,elite proxy,no,no,5 seconds ago,no
18,140.227.238.18,1000,JP,Japan,elite proxy,no,no,5 seconds ago,no
20,46.28.229.78,3128,RU,Russian Federation,elite proxy,no,no,1 minute ago,no
21,177.103.179.122,34995,BR,Brazil,elite proxy,no,yes,1 minute ago,no
22,103.27.22.34,34220,PK,Pakistan,elite proxy,no,no,1 minute ago,no
23,1.20.102.102,38816,TH,Thailand,elite proxy,no,no,1 minute ago,no
24,200.70.22.74,8080,AR,Argentina,elite proxy,no,yes,1 minute ago,no
25,191.97.39.29,23500,AR,Argentina,elite proxy,no,no,1 minute ago,no
26,45.114.144.144,48642,IN,India,elite proxy,no,no,1 minute ago,no
27,103.226.142.90,41386,IN,India,elite proxy,no,no,1 minute ago,no
28,201.87.154.128,48694,BR,Brazil,elite proxy,no,yes,1 minute ago,no
29,45.71.115.1,53281,EC,Ecuador,elite proxy,no,no,1 minute ago,no
30,185.99.64.75,61503,CZ,Czech Republic,elite proxy,no,no,1 minute ago,no
31,136.228.128.6,30554,KH,Cambodia,elite proxy,no,no,1 minute ago,no
33,78.153.120.33,39193,HU,Hungary,elite proxy,no,yes,1 minute ago,no
34,182.23.54.146,48674,ID,Indonesia,elite proxy,no,no,1 minute ago,no
35,117.102.94.148,56491,ID,Indonesia,elite proxy,no,no,1 minute ago,no
36,102.164.202.80,34934,ZA,South Africa,elite proxy,no,yes,1 minute ago,no
37,177.37.240.52,8080,BR,Brazil,elite proxy,no,no,1 minute ago,no
38,185.136.102.135,8080,IR,Iran,elite proxy,no,no,1 minute ago,no
39,1.186.151.206,36253,IN,India,elite proxy,no,no,1 minute ago,no
40,187.188.182.107,43687,MX,Mexico,elite proxy,no,no,1 minute ago,no
41,187.73.68.14,53281,BR,Brazil,elite proxy,no,yes,1 minute ago,no
42,178.219.37.70,8080,RU,Russian Federation,elite proxy,no,no,1 minute ago,no
44,41.216.230.148,53024,MW,Malawi,elite proxy,no,no,1 minute ago,no
45,182.53.197.21,54751,TH,Thailand,elite proxy,no,no,1 minute ago,no
46,41.217.217.60,36120,MW,Malawi,elite proxy,no,yes,1 minute ago,no
47,125.27.251.124,45861,TH,Thailand,elite proxy,no,yes,1 minute ago,no
48,90.154.223.204,8080,BG,Bulgaria,elite proxy,no,yes,1 minute ago,no
49,188.170.52.188,58928,RU,Russian Federation,elite proxy,no,yes,1 minute ago,no
50,45.231.212.56,32876,BR,Brazil,elite proxy,no,yes,1 minute ago,no
51,186.211.106.227,34334,BR,Brazil,elite proxy,no,yes,1 minute ago,no
52,200.105.215.18,33630,BO,Bolivia,elite proxy,no,yes,1 minute ago,no
54,190.167.215.170,52479,DO,Dominican Republic,elite proxy,no,yes,1 minute ago,no
55,178.62.246.180,3128,NL,Netherlands,elite proxy,no,yes,1 minute ago,no
56,194.213.43.166,32422,CZ,Czech Republic,elite proxy,no,yes,1 minute ago,no
57,14.162.145.116,45714,VN,Vietnam,elite proxy,no,yes,1 minute ago,no
58,186.219.214.30,40456,BR,Brazil,elite proxy,no,yes,1 minute ago,no
60,181.189.221.245,42407,AR,Argentina,elite proxy,no,yes,1 minute ago,no
61,177.154.224.206,44488,BR,Brazil,elite proxy,no,yes,1 minute ago,no
62,118.173.232.5,34413,TH,Thailand,elite proxy,no,yes,1 minute ago,no
64,155.93.240.101,8080,ZA,South Africa,elite proxy,no,yes,1 minute ago,no
66,181.129.140.226,36733,CO,Colombia,elite proxy,no,yes,1 minute ago,no
67,77.48.22.59,37136,CZ,Czech Republic,elite proxy,no,yes,1 minute ago,no
69,180.180.175.70,59692,TH,Thailand,elite proxy,no,yes,1 minute ago,no
70,118.69.140.108,53281,VN,Vietnam,elite proxy,no,yes,1 minute ago,no
71,188.133.165.206,56145,RU,Russian Federation,elite proxy,no,yes,1 minute ago,no
72,94.228.85.166,38510,SK,Slovakia,elite proxy,no,yes,1 minute ago,no
74,62.118.131.240,3128,RU,Russian Federation,elite proxy,no,yes,1 minute ago,no
75,77.46.138.241,30762,RS,Serbia,elite proxy,no,yes,1 minute ago,no
76,180.246.205.208,30961,ID,Indonesia,elite proxy,no,yes,1 minute ago,no
77,194.67.92.81,3128,RU,Russian Federation,elite proxy,no,yes,1 minute ago,no
78,186.249.68.49,43228,BR,Brazil,elite proxy,no,yes,1 minute ago,no
79,87.247.3.234,49890,KZ,Kazakhstan,elite proxy,no,yes,1 minute ago,no
80,36.37.113.4,36485,ID,Indonesia,elite proxy,no,yes,1 minute ago,no
81,182.16.162.89,32247,ID,Indonesia,elite proxy,no,yes,1 minute ago,no
85,175.100.72.95,58133,KH,Cambodia,elite proxy,no,yes,1 minute ago,no
87,103.15.140.141,44759,BD,Bangladesh,elite proxy,no,yes,1 minute ago,no
88,154.119.79.254,53281,ZA,South Africa,elite proxy,no,yes,1 minute ago,no
89,115.127.114.76,32343,BD,Bangladesh,elite proxy,no,yes,1 minute ago,no
91,41.217.219.53,31398,MW,Malawi,elite proxy,no,yes,1 minute ago,no
92,159.8.114.34,8123,FR,France,elite proxy,no,no,1 minute ago,no
93,165.22.98.224,44344,SG,Singapore,elite proxy,no,yes,1 minute ago,no
94,165.22.98.206,44344,SG,Singapore,elite proxy,no,yes,1 minute ago,no
95,77.94.123.91,37765,RU,Russian Federation,elite proxy,no,no,1 minute ago,no
96,104.248.158.243,44344,SG,Singapore,elite proxy,no,yes,1 minute ago,no
97,190.152.71.230,54354,EC,Ecuador,elite proxy,no,no,1 minute ago,no
98,68.183.230.22,44344,SG,Singapore,elite proxy,no,yes,1 minute ago,no
100,181.143.10.130,36535,CO,Colombia,elite proxy,no,no,1 minute ago,no
101,176.119.134.151,23500,ES,Spain,elite proxy,no,yes,1 minute ago,no
119,43.248.24.158,51166,ID,Indonesia,elite proxy,no,no,10 minutes ago,no
120,102.176.160.75,59796,GN,Guinea,elite proxy,no,no,10 minutes ago,no
121,36.89.181.155,60165,ID,Indonesia,elite proxy,no,no,10 minutes ago,no
122,1.20.97.173,46790,TH,Thailand,elite proxy,no,no,10 minutes ago,no
124,27.116.51.186,6666,IN,India,elite proxy,no,no,11 minutes ago,no
125,190.6.200.158,38256,HN,Honduras,elite proxy,no,no,11 minutes ago,no
126,159.192.97.181,23500,TH,Thailand,elite proxy,no,yes,11 minutes ago,no
127,201.132.92.130,52800,MX,Mexico,elite proxy,no,no,11 minutes ago,no
128,134.249.165.49,53281,UA,Ukraine,elite proxy,no,yes,11 minutes ago,no
129,117.102.73.44,8182,ID,Indonesia,elite proxy,no,no,11 minutes ago,no
130,77.46.138.1,30762,RS,Serbia,elite proxy,no,no,11 minutes ago,no
131,95.84.168.158,41928,RU,Russian Federation,elite proxy,no,no,11 minutes ago,no
132,212.142.116.146,38523,LV,Latvia,elite proxy,no,no,11 minutes ago,no
133,81.163.57.147,41258,RU,Russian Federation,elite proxy,no,no,11 minutes ago,no
134,178.62.254.190,3128,NL,Netherlands,elite proxy,no,no,11 minutes ago,no
135,190.61.55.243,999,CO,Colombia,elite proxy,no,yes,11 minutes ago,no
136,37.228.65.107,32052,KZ,Kazakhstan,elite proxy,no,no,11 minutes ago,no
137,187.111.176.193,8080,BR,Brazil,elite proxy,no,yes,11 minutes ago,no
138,187.87.204.210,45597,BR,Brazil,elite proxy,no,no,11 minutes ago,no
139,88.99.10.255,1080,DE,Germany,elite proxy,no,yes,12 minutes ago,no
141,78.108.66.26,3128,RU,Russian Federation,elite proxy,no,yes,12 minutes ago,no
144,88.99.10.253,1080,DE,Germany,elite proxy,no,yes,12 minutes ago,no
145,78.46.81.7,1080,DE,Germany,elite proxy,no,yes,12 minutes ago,no
146,74.15.191.160,41564,CA,Canada,elite proxy,no,yes,12 minutes ago,no
147,169.57.157.146,80,BR,Brazil,elite proxy,no,no,12 minutes ago,no
148,119.81.189.194,80,HK,Hong Kong,elite proxy,no,no,12 minutes ago,no
149,148.251.153.6,1080,DE,Germany,elite proxy,no,yes,12 minutes ago,no
150,210.210.128.166,48922,ID,Indonesia,elite proxy,no,no,12 minutes ago,no
151,88.99.10.252,1080,DE,Germany,elite proxy,no,yes,12 minutes ago,no
152,108.177.235.174,3128,US,United States,elite proxy,no,no,12 minutes ago,no
153,124.41.211.186,43523,NP,Nepal,elite proxy,no,yes,12 minutes ago,no
154,88.99.10.250,1080,DE,Germany,elite proxy,no,yes,12 minutes ago,no
155,188.40.183.191,1080,DE,Germany,elite proxy,no,yes,12 minutes ago,no
156,169.57.1.84,8123,MX,Mexico,elite proxy,no,no,12 minutes ago,no
157,186.46.222.226,59765,EC,Ecuador,elite proxy,no,no,12 minutes ago,no
159,88.99.10.248,1080,DE,Germany,elite proxy,no,yes,12 minutes ago,no
160,88.99.10.249,1080,DE,Germany,elite proxy,no,yes,12 minutes ago,no
161,85.10.219.97,1080,DE,Germany,elite proxy,no,yes,12 minutes ago,no
163,103.212.92.201,40067,IN,India,elite proxy,no,no,12 minutes ago,no
164,188.40.183.184,1080,DE,Germany,elite proxy,no,yes,12 minutes ago,no
165,191.102.123.150,53408,CO,Colombia,elite proxy,no,no,12 minutes ago,no
167,136.243.92.25,1080,DE,Germany,elite proxy,no,yes,12 minutes ago,no
168,173.192.128.238,25,US,United States,elite proxy,no,no,12 minutes ago,no
169,188.40.183.187,1080,DE,Germany,elite proxy,no,yes,12 minutes ago,no
170,3.249.104.212,80,IE,Ireland,elite proxy,no,no,12 minutes ago,no
171,193.19.165.222,53281,PL,Poland,elite proxy,no,no,12 minutes ago,no
172,169.57.1.85,80,MX,Mexico,elite proxy,no,no,12 minutes ago,no
173,88.99.10.254,1080,DE,Germany,elite proxy,no,yes,12 minutes ago,no
174,188.40.183.185,1080,DE,Germany,elite proxy,no,yes,12 minutes ago,no
175,109.167.134.253,30710,RU,Russian Federation,elite proxy,no,no,12 minutes ago,no
176,36.90.123.63,8181,ID,Indonesia,elite proxy,no,no,13 minutes ago,no
177,103.22.248.59,61661,ID,Indonesia,elite proxy,no,no,13 minutes ago,no
179,47.244.186.177,8888,US,United States,elite proxy,no,yes,13 minutes ago,no
180,195.69.221.198,33972,UA,Ukraine,elite proxy,no,no,13 minutes ago,no
181,103.123.235.58,59083,IN,India,elite proxy,no,yes,13 minutes ago,no
182,5.22.154.50,56154,SK,Slovakia,elite proxy,no,yes,13 minutes ago,no
183,82.200.233.4,3128,KZ,Kazakhstan,elite proxy,no,no,13 minutes ago,no
184,179.124.240.199,46318,BR,Brazil,elite proxy,no,yes,13 minutes ago,no
185,103.37.81.92,31336,IN,India,elite proxy,no,no,13 minutes ago,no
186,147.91.111.132,37979,RS,Serbia,elite proxy,no,no,13 minutes ago,no
187,85.10.219.100,1080,DE,Germany,elite proxy,no,no,13 minutes ago,no
188,41.203.240.50,3128,SC,Seychelles,elite proxy,no,no,13 minutes ago,no
201,111.95.23.159,3128,ID,Indonesia,elite proxy,no,no,13 minutes ago,no
208,151.253.165.70,8080,AE,United Arab Emirates,elite proxy,no,yes,13 minutes ago,no
240,195.191.250.38,3128,RU,Russian Federation,elite proxy,no,no,21 minutes ago,no
241,185.34.22.225,37879,RU,Russian Federation,elite proxy,no,no,21 minutes ago,no
242,117.1.16.131,8080,VN,Vietnam,elite proxy,no,no,21 minutes ago,no
243,213.6.149.138,41088,PS,Palestinian Territory,elite proxy,no,yes,21 minutes ago,no
244,110.232.74.233,55609,ID,Indonesia,elite proxy,no,yes,21 minutes ago,no
245,154.0.15.166,46547,ZA,South Africa,elite proxy,no,no,21 minutes ago,no
246,152.204.128.46,45684,CO,Colombia,elite proxy,no,yes,21 minutes ago,no
249,125.25.165.106,43730,TH,Thailand,elite proxy,no,yes,21 minutes ago,no
250,37.123.222.124,8080,RU,Russian Federation,elite proxy,no,no,21 minutes ago,no
251,182.52.238.119,40456,TH,Thailand,elite proxy,no,no,21 minutes ago,no
254,200.32.51.179,8080,AR,Argentina,elite proxy,no,no,21 minutes ago,no
255,45.7.238.250,30980,HN,Honduras,elite proxy,no,no,21 minutes ago,no
256,91.204.61.161,35672,UA,Ukraine,elite proxy,no,no,21 minutes ago,no
259,125.27.10.243,58219,TH,Thailand,elite proxy,no,no,21 minutes ago,no
260,41.254.44.62,55277,LY,Libya,elite proxy,no,no,21 minutes ago,no
261,177.67.203.130,32474,BR,Brazil,elite proxy,no,no,21 minutes ago,no
262,165.22.106.66,44344,SG,Singapore,elite proxy,no,yes,21 minutes ago,no
264,80.187.140.26,8080,DE,Germany,elite proxy,no,yes,21 minutes ago,no
265,144.217.101.242,3129,CA,Canada,elite proxy,no,yes,21 minutes ago,no
268,178.128.93.68,44344,SG,Singapore,elite proxy,no,yes,21 minutes ago,no
270,103.241.227.99,54073,IN,India,elite proxy,no,no,21 minutes ago,no
271,128.199.203.84,44344,SG,Singapore,elite proxy,no,yes,21 minutes ago,no
272,128.199.203.193,44344,SG,Singapore,elite proxy,no,yes,21 minutes ago,no
275,5.189.162.175,3128,DE,Germany,elite proxy,no,no,21 minutes ago,no
276,128.199.244.47,44344,SG,Singapore,elite proxy,no,yes,21 minutes ago,no
277,3.124.80.57,80,DE,Germany,elite proxy,no,no,21 minutes ago,no
278,176.195.22.156,36854,RU,Russian Federation,elite proxy,no,yes,21 minutes ago,no
281,180.252.181.2,80,ID,Indonesia,elite proxy,no,no,21 minutes ago,no
283,143.255.40.106,53706,MX,Mexico,elite proxy,no,no,21 minutes ago,no
285,79.134.7.134,53044,RU,Russian Federation,elite proxy,no,yes,21 minutes ago,no
286,191.97.41.43,23500,AR,Argentina,elite proxy,no,no,21 minutes ago,no
287,94.228.21.66,30784,AM,Armenia,elite proxy,no,yes,21 minutes ago,no
288,95.168.96.42,34273,HR,Croatia,elite proxy,no,no,21 minutes ago,no
289,128.199.200.236,44344,SG,Singapore,elite proxy,no,yes,21 minutes ago,no
290,128.199.238.162,44344,SG,Singapore,elite proxy,no,yes,21 minutes ago,no
292,51.255.103.170,3129,FR,France,elite proxy,no,yes,21 minutes ago,no
294,125.26.99.212,51591,TH,Thailand,elite proxy,no,no,21 minutes ago,no
296,82.119.170.106,8080,DE,Germany,elite proxy,no,yes,21 minutes ago,no
297,103.142.68.253,80,BD,Bangladesh,elite proxy,no,no,21 minutes ago,no
298,119.82.252.29,35467,KH,Cambodia,elite proxy,no,no,21 minutes ago,no
299,188.165.141.114,3129,FR,France,elite proxy,no,yes,21 minutes ago,no
300,128.199.193.37,44344,SG,Singapore,elite proxy,no,yes,21 minutes ago,no
